경제성장률,실업률,기준금리,TIME,YEAR
0.07,0.037000000000000005,2.5,2010,2010
0.037000000000000005,0.034,3.25,2011,2011
0.025,0.032,2.75,2012,2012
0.033,0.031,2.5,2013,2013
0.032,0.035,2,2014,2014
